Crossing;Programme;Group;Duration;Start_green;End_green;Crossing_programme;Day_of_week;Start_hour;Start_minute;End_hour;End_minute
40;22;K1;75;0;56;4022;1;6;30;7;30
40;22;K1;75;0;56;4022;1;12;0;14;0
40;22;K1;75;0;56;4022;1;16;30;18;0
40;22;K1;75;0;56;4022;6;8;0;20;0
40;24;K1;60;0;41;4024;1;0;0;5;0
40;24;K1;60;0;41;4024;1;5;0;6;30
40;24;K1;60;0;41;4024;1;9;30;12;0
40;24;K1;60;0;41;4024;1;18;0;23;59
40;24;K1;60;0;41;4024;6;0;0;5;0
40;24;K1;60;0;41;4024;6;5;0;8;0
40;24;K1;60;0;41;4024;6;20;0;23;59
40;24;K1;60;0;41;4024;7;0;0;23;59
40;25;K1;90;82;30;4025;1;7;30;9;30
40;27;K1;90;82;63;4027;1;14;0;16;30
50;22;K1;75;54;33;5022;1;6;30;7;30
50;22;K1;75;54;33;5022;1;12;0;14;0
50;22;K1;75;54;33;5022;1;16;30;18;0
50;22;K1;75;54;33;5022;6;8;0;20;0
50;22;K2;75;54;33;5022;1;6;30;7;30
50;22;K2;75;54;33;5022;1;12;0;14;0
50;22;K2;75;54;33;5022;1;16;30;18;0
50;22;K2;75;54;33;5022;6;8;0;20;0
50;24;K1;60;0;38;5024;1;0;0;5;0
50;24;K1;60;0;38;5024;1;5;0;6;30
50;24;K1;60;0;38;5024;1;9;30;12;0
50;24;K1;60;0;38;5024;1;18;0;23;59
50;24;K1;60;0;38;5024;6;0;0;5;0
50;24;K1;60;0;38;5024;6;5;0;8;0
50;24;K1;60;0;38;5024;6;20;0;23;59
50;24;K1;60;0;38;5024;7;0;0;23;59
50;24;K2;60;0;38;5024;1;0;0;5;0
50;24;K2;60;0;38;5024;1;5;0;6;30
50;24;K2;60;0;38;5024;1;9;30;12;0
50;24;K2;60;0;38;5024;1;18;0;23;59
50;24;K2;60;0;38;5024;6;0;0;5;0
50;24;K2;60;0;38;5024;6;5;0;8;0
50;24;K2;60;0;38;5024;6;20;0;23;59
50;24;K2;60;0;38;5024;7;0;0;23;59
50;25;K1;90;54;33;5025;1;7;30;9;30
50;25;K2;90;54;33;5025;1;7;30;9;30
50;27;K1;90;54;33;5027;1;14;0;16;30
50;27;K2;90;54;33;5027;1;14;0;16;30
70;1;K1;90;65;0;701;1;5;0;9;0
70;1;K2;90;18;32;701;1;5;0;9;0
70;1;K3;90;65;11;701;1;5;0;9;0
70;1;K4;90;18;58;701;1;5;0;9;0
70;1;K5;90;41;58;701;1;5;0;9;0
70;2;K1;75;24;59;702;1;9;0;14;0
70;2;K2;75;71;10;702;1;9;0;14;0
70;2;K3;75;24;64;702;1;9;0;14;0
70;2;K4;75;71;17;702;1;9;0;14;0
70;2;K5;75;0;75;702;1;9;0;14;0
70;3;K1;90;72;21;703;1;14;0;20;0
70;3;K2;90;48;59;703;1;14;0;20;0
70;3;K3;90;72;41;703;1;14;0;20;0
70;3;K4;90;48;65;703;1;14;0;20;0
70;3;K5;90;0;90;703;1;14;0;20;0
70;4;K1;60;29;53;704;1;0;0;5;0
70;4;K1;60;29;53;704;1;20;0;23;59
70;4;K1;60;29;53;704;6;0;0;23;59
70;4;K1;60;29;53;704;7;0;0;23;59
70;4;K2;60;1;21;704;1;0;0;5;0
70;4;K2;60;1;21;704;1;20;0;23;59
70;4;K2;60;1;21;704;6;0;0;23;59
70;4;K2;60;1;21;704;7;0;0;23;59
70;4;K3;60;29;53;704;1;0;0;5;0
70;4;K3;60;29;53;704;1;20;0;23;59
70;4;K3;60;29;53;704;6;0;0;23;59
70;4;K3;60;29;53;704;7;0;0;23;59
70;4;K4;60;1;21;704;1;0;0;5;0
70;4;K4;60;1;21;704;1;20;0;23;59
70;4;K4;60;1;21;704;6;0;0;23;59
70;4;K4;60;1;21;704;7;0;0;23;59
70;4;K5;60;0;60;704;1;0;0;5;0
70;4;K5;60;0;60;704;1;20;0;23;59
70;4;K5;60;0;60;704;6;0;0;23;59
70;4;K5;60;0;60;704;7;0;0;23;59
71;22;K1;75;74;37;7122;1;0;0;5;0
71;22;K1;75;74;37;7122;1;9;0;14;0
71;22;K1;75;74;37;7122;1;20;0;23;59
71;22;K1;75;74;37;7122;6;0;0;23;59
71;22;K1;75;74;37;7122;6;0;0;23;59
71;22;K2;75;31;37;7122;1;0;0;5;0
71;22;K2;75;31;37;7122;1;9;0;14;0
71;22;K2;75;31;37;7122;1;20;0;23;59
71;22;K2;75;31;37;7122;6;0;0;23;59
71;22;K2;75;31;37;7122;6;0;0;23;59
71;22;K3;75;42;58;7122;1;0;0;5;0
71;22;K3;75;42;58;7122;1;9;0;14;0
71;22;K3;75;42;58;7122;1;20;0;23;59
71;22;K3;75;42;58;7122;6;0;0;23;59
71;22;K3;75;42;58;7122;6;0;0;23;59
71;22;K4;75;66;27;7122;1;0;0;5;0
71;22;K4;75;66;27;7122;1;9;0;14;0
71;22;K4;75;66;27;7122;1;20;0;23;59
71;22;K4;75;66;27;7122;6;0;0;23;59
71;22;K4;75;66;27;7122;6;0;0;23;59
71;24;K1;60;57;28;7124;;;;;
71;24;K2;60;22;28;7124;;;;;
71;24;K3;60;33;49;7124;;;;;
71;24;K4;60;57;18;7124;;;;;
71;25;K1;90;59;22;7125;1;5;0;9;0
71;25;K2;90;16;22;7125;1;5;0;9;0
71;25;K3;90;27;43;7125;1;5;0;9;0
71;25;K4;90;51;12;7125;1;5;0;9;0
71;27;K1;90;60;23;7127;1;14;0;20;0
71;27;K2;90;17;23;7127;1;14;0;20;0
71;27;K3;90;28;44;7127;1;14;0;20;0
71;27;K4;90;52;13;7127;1;14;0;20;0
72;1;K1;90;40;71;721;1;5;0;9;0
72;1;K2;90;0;34;721;1;5;0;9;0
72;1;K3;90;41;84;721;1;5;0;9;0
72;1;K4;90;77;83;721;1;5;0;9;0
72;1;K5;90;88;35;721;1;5;0;9;0
72;2;K1;75;71;20;722;1;0;0;5;0
72;2;K1;75;71;20;722;1;9;0;14;0
72;2;K1;75;71;20;722;1;20;0;23;59
72;2;K1;75;71;20;722;6;0;0;23;59
72;2;K1;75;71;20;722;6;0;0;23;59
72;2;K2;75;39;65;722;1;0;0;5;0
72;2;K2;75;39;65;722;1;9;0;14;0
72;2;K2;75;39;65;722;1;20;0;23;59
72;2;K2;75;39;65;722;6;0;0;23;59
72;2;K2;75;39;65;722;6;0;0;23;59
72;2;K3;75;72;33;722;1;0;0;5;0
72;2;K3;75;72;33;722;1;9;0;14;0
72;2;K3;75;72;33;722;1;20;0;23;59
72;2;K3;75;72;33;722;6;0;0;23;59
72;2;K3;75;72;33;722;6;0;0;23;59
72;2;K4;75;26;32;722;1;0;0;5;0
72;2;K4;75;26;32;722;1;9;0;14;0
72;2;K4;75;26;32;722;1;20;0;23;59
72;2;K4;75;26;32;722;6;0;0;23;59
72;2;K4;75;26;32;722;6;0;0;23;59
72;2;K5;75;37;66;722;1;0;0;5;0
72;2;K5;75;37;66;722;1;9;0;14;0
72;2;K5;75;37;66;722;1;20;0;23;59
72;2;K5;75;37;66;722;6;0;0;23;59
72;2;K5;75;37;66;722;6;0;0;23;59
72;3;K1;90;59;0;723;1;14;0;20;0
72;3;K2;90;19;53;723;1;14;0;20;0
72;3;K3;90;60;13;723;1;14;0;20;0
72;3;K4;90;6;12;723;1;14;0;20;0
72;3;K5;90;17;54;723;1;14;0;20;0
75;1;K1;90;17;74;751;1;5;0;9;0
75;1;K2;90;17;45;751;1;5;0;9;0
75;1;K3;90;82;89;751;1;5;0;9;0
75;1;K4;90;82;89;751;1;5;0;9;0
75;1;K5;90;51;74;751;1;5;0;9;0
75;1;K6;90;4;11;751;1;5;0;9;0
75;1;K7;90;18;48;751;1;5;0;9;0
75;2;K1;75;41;8;752;1;0;0;5;0
75;2;K1;75;41;8;752;1;9;0;14;0
75;2;K1;75;41;8;752;1;20;0;23;59
75;2;K1;75;41;8;752;6;0;0;23;59
75;2;K1;75;41;8;752;6;0;0;23;59
75;2;K2;75;41;58;752;1;0;0;5;0
75;2;K2;75;41;58;752;1;9;0;14;0
75;2;K2;75;41;58;752;1;20;0;23;59
75;2;K2;75;41;58;752;6;0;0;23;59
75;2;K2;75;41;58;752;6;0;0;23;59
75;2;K3;75;16;23;752;1;0;0;5;0
75;2;K3;75;16;23;752;1;9;0;14;0
75;2;K3;75;16;23;752;1;20;0;23;59
75;2;K3;75;16;23;752;6;0;0;23;59
75;2;K3;75;16;23;752;6;0;0;23;59
75;2;K4;75;16;23;752;1;0;0;5;0
75;2;K4;75;16;23;752;1;9;0;14;0
75;2;K4;75;16;23;752;1;20;0;23;59
75;2;K4;75;16;23;752;6;0;0;23;59
75;2;K4;75;16;23;752;6;0;0;23;59
75;2;K5;75;64;8;752;1;0;0;5;0
75;2;K5;75;64;8;752;1;9;0;14;0
75;2;K5;75;64;8;752;1;20;0;23;59
75;2;K5;75;64;8;752;6;0;0;23;59
75;2;K5;75;64;8;752;6;0;0;23;59
75;2;K6;75;28;35;752;1;0;0;5;0
75;2;K6;75;28;35;752;1;9;0;14;0
75;2;K6;75;28;35;752;1;20;0;23;59
75;2;K6;75;28;35;752;6;0;0;23;59
75;2;K6;75;28;35;752;6;0;0;23;59
75;2;K7;75;42;61;752;1;0;0;5;0
75;2;K7;75;42;61;752;1;9;0;14;0
75;2;K7;75;42;61;752;1;20;0;23;59
75;2;K7;75;42;61;752;6;0;0;23;59
75;2;K7;75;42;61;752;6;0;0;23;59
75;3;K1;90;38;5;753;1;14;0;20;0
75;3;K2;90;38;57;753;1;14;0;20;0
75;3;K3;90;13;20;753;1;14;0;20;0
75;3;K4;90;13;20;753;1;14;0;20;0
75;3;K5;90;63;5;753;1;14;0;20;0
75;3;K6;90;25;32;753;1;14;0;20;0
75;3;K7;90;39;60;753;1;14;0;20;0
76;2;K1;75;1;23;762;1;0;0;5;0
76;2;K1;75;1;23;762;1;20;0;23;59
76;2;K1;75;1;23;762;6;0;0;23;59
76;2;K1;75;1;23;762;7;0;0;23;59
76;2;K2;75;1;23;762;1;0;0;5;0
76;2;K2;75;1;23;762;1;20;0;23;59
76;2;K2;75;1;23;762;6;0;0;23;59
76;2;K2;75;1;23;762;7;0;0;23;59
76;2;K3;75;2;25;762;1;0;0;5;0
76;2;K3;75;2;25;762;1;20;0;23;59
76;2;K3;75;2;25;762;6;0;0;23;59
76;2;K3;75;2;25;762;7;0;0;23;59
76;2;K4;75;29;72;762;1;0;0;5;0
76;2;K4;75;29;72;762;1;20;0;23;59
76;2;K4;75;29;72;762;6;0;0;23;59
76;2;K4;75;29;72;762;7;0;0;23;59
76;2;K5;75;28;72;762;1;0;0;5;0
76;2;K5;75;28;72;762;1;20;0;23;59
76;2;K5;75;28;72;762;6;0;0;23;59
76;2;K5;75;28;72;762;7;0;0;23;59
76;31;K1;120;10;48;7631;1;5;0;14;0
76;31;K1;120;10;48;7631;1;14;0;20;0
76;31;K2;120;113;12;7631;1;5;0;14;0
76;31;K2;120;113;12;7631;1;14;0;20;0
76;31;K3;120;114;14;7631;1;5;0;14;0
76;31;K3;120;114;14;7631;1;14;0;20;0
76;31;K4;120;18;109;7631;1;5;0;14;0
76;31;K4;120;18;109;7631;1;14;0;20;0
76;31;K5;120;53;6;7631;1;5;0;14;0
76;31;K5;120;53;6;7631;1;14;0;20;0
102;1;K1;90;9;38;1021;1;5;0;9;30
102;1;K2;90;41;48;1021;1;5;0;9;30
102;1;K3;90;14;38;1021;1;5;0;9;30
102;1;K4;90;4;38;1021;1;5;0;9;30
102;1;K5;90;41;48;1021;1;5;0;9;30
102;1;K6;90;44;64;1021;1;5;0;9;30
102;1;K7;90;52;58;1021;1;5;0;9;30
102;1;K8;90;67;74;1021;1;5;0;9;30
102;1;K9;90;77;83;1021;1;5;0;9;30
102;2;K1;75;5;21;1022;1;0;0;5;0
102;2;K1;75;5;21;1022;1;9;30;14;0
102;2;K1;75;5;21;1022;1;15;0;23;59
102;2;K1;75;5;21;1022;6;0;0;23;59
102;2;K1;75;5;21;1022;7;0;0;23;59
102;2;K2;75;24;30;1022;1;0;0;5;0
102;2;K2;75;24;30;1022;1;9;30;14;0
102;2;K2;75;24;30;1022;1;15;0;23;59
102;2;K2;75;24;30;1022;6;0;0;23;59
102;2;K2;75;24;30;1022;7;0;0;23;59
102;2;K3;75;10;21;1022;1;0;0;5;0
102;2;K3;75;10;21;1022;1;9;30;14;0
102;2;K3;75;10;21;1022;1;15;0;23;59
102;2;K3;75;10;21;1022;6;0;0;23;59
102;2;K3;75;10;21;1022;7;0;0;23;59
102;2;K4;75;0;21;1022;1;0;0;5;0
102;2;K4;75;0;21;1022;1;9;30;14;0
102;2;K4;75;0;21;1022;1;15;0;23;59
102;2;K4;75;0;21;1022;6;0;0;23;59
102;2;K4;75;0;21;1022;7;0;0;23;59
102;2;K5;75;24;30;1022;1;0;0;5;0
102;2;K5;75;24;30;1022;1;9;30;14;0
102;2;K5;75;24;30;1022;1;15;0;23;59
102;2;K5;75;24;30;1022;6;0;0;23;59
102;2;K5;75;24;30;1022;7;0;0;23;59
102;2;K6;75;27;46;1022;1;0;0;5;0
102;2;K6;75;27;46;1022;1;9;30;14;0
102;2;K6;75;27;46;1022;1;15;0;23;59
102;2;K6;75;27;46;1022;6;0;0;23;59
102;2;K6;75;27;46;1022;7;0;0;23;59
102;2;K7;75;34;40;1022;1;0;0;5;0
102;2;K7;75;34;40;1022;1;9;30;14;0
102;2;K7;75;34;40;1022;1;15;0;23;59
102;2;K7;75;34;40;1022;6;0;0;23;59
102;2;K7;75;34;40;1022;7;0;0;23;59
102;2;K8;75;49;55;1022;1;0;0;5;0
102;2;K8;75;49;55;1022;1;9;30;14;0
102;2;K8;75;49;55;1022;1;15;0;23;59
102;2;K8;75;49;55;1022;6;0;0;23;59
102;2;K8;75;49;55;1022;7;0;0;23;59
102;2;K9;75;58;64;1022;1;0;0;5;0
102;2;K9;75;58;64;1022;1;9;30;14;0
102;2;K9;75;58;64;1022;1;15;0;23;59
102;2;K9;75;58;64;1022;6;0;0;23;59
102;2;K9;75;58;64;1022;7;0;0;23;59
102;3;K1;90;32;61;1023;1;14;0;15;0
102;3;K2;90;64;71;1023;1;14;0;15;0
102;3;K3;90;37;61;1023;1;14;0;15;0
102;3;K4;90;27;61;1023;1;14;0;15;0
102;3;K5;90;64;71;1023;1;14;0;15;0
102;3;K6;90;67;87;1023;1;14;0;15;0
102;3;K7;90;75;81;1023;1;14;0;15;0
102;3;K8;90;0;6;1023;1;14;0;15;0
102;3;K9;90;9;16;1023;1;14;0;15;0
103;22;K1;75;52;11;10322;1;9;0;14;0
103;22;K2;75;71;9;10322;1;9;0;14;0
103;22;K3;75;14;46;10322;1;9;0;14;0
103;22;K4;75;18;67;10322;1;9;0;14;0
103;22;K5;75;49;67;10322;1;9;0;14;0
103;24;K1;60;55;20;10324;1;0;0;5;0
103;24;K1;60;55;20;10324;1;20;0;23;59
103;24;K1;60;55;20;10324;6;0;0;23;59
103;24;K1;60;55;20;10324;7;0;0;23;59
103;24;K2;60;7;18;10324;1;0;0;5;0
103;24;K2;60;7;18;10324;1;20;0;23;59
103;24;K2;60;7;18;10324;6;0;0;23;59
103;24;K2;60;7;18;10324;7;0;0;23;59
103;24;K3;60;23;49;10324;1;0;0;5;0
103;24;K3;60;23;49;10324;1;20;0;23;59
103;24;K3;60;23;49;10324;6;0;0;23;59
103;24;K3;60;23;49;10324;7;0;0;23;59
103;24;K4;60;27;3;10324;1;0;0;5;0
103;24;K4;60;27;3;10324;1;20;0;23;59
103;24;K4;60;27;3;10324;6;0;0;23;59
103;24;K4;60;27;3;10324;7;0;0;23;59
103;24;K5;60;52;3;10324;1;0;0;5;0
103;24;K5;60;52;3;10324;1;20;0;23;59
103;24;K5;60;52;3;10324;6;0;0;23;59
103;24;K5;60;52;3;10324;7;0;0;23;59
103;25;K1;90;78;21;10325;1;5;0;9;0
103;25;K2;90;8;19;10325;1;5;0;9;0
103;25;K3;90;24;72;10325;1;5;0;9;0
103;25;K4;90;28;4;10325;1;5;0;9;0
103;25;K5;90;75;4;10325;1;5;0;9;0
103;27;K1;90;7;54;10327;1;14;0;20;0
103;27;K2;90;31;52;10327;1;14;0;20;0
103;27;K3;90;57;1;10327;1;14;0;20;0
103;27;K4;90;61;27;10327;1;14;0;20;0
103;27;K5;90;4;27;10327;1;14;0;20;0
105;22;K1;75;74;36;10522;1;9;0;13;30
105;22;K1;75;74;36;10522;1;17;0;19;0
105;22;K1;75;74;36;10522;6;5;0;19;0
105;22;K1;75;74;36;10522;7;5;0;23;59
105;22;K2;75;62;36;10522;1;9;0;13;30
105;22;K2;75;62;36;10522;1;17;0;19;0
105;22;K2;75;62;36;10522;6;5;0;19;0
105;22;K2;75;62;36;10522;7;5;0;23;59
105;22;K3;75;9;56;10522;1;9;0;13;30
105;22;K3;75;9;56;10522;1;17;0;19;0
105;22;K3;75;9;56;10522;6;5;0;19;0
105;22;K3;75;9;56;10522;7;5;0;23;59
105;22;K4;75;39;55;10522;1;9;0;13;30
105;22;K4;75;39;55;10522;1;17;0;19;0
105;22;K4;75;39;55;10522;6;5;0;19;0
105;22;K4;75;39;55;10522;7;5;0;23;59
105;22;K5;75;41;71;10522;1;9;0;13;30
105;22;K5;75;41;71;10522;1;17;0;19;0
105;22;K5;75;41;71;10522;6;5;0;19;0
105;22;K5;75;41;71;10522;7;5;0;23;59
105;22;K6;75;59;70;10522;1;9;0;13;30
105;22;K6;75;59;70;10522;1;17;0;19;0
105;22;K6;75;59;70;10522;6;5;0;19;0
105;22;K6;75;59;70;10522;7;5;0;23;59
105;24;K1;60;57;28;10524;1;19;0;22;15
105;24;K1;60;57;28;10524;6;19;0;20;15
105;24;K2;60;47;28;10524;1;19;0;22;15
105;24;K2;60;47;28;10524;6;19;0;20;15
105;24;K3;60;5;41;10524;1;19;0;22;15
105;24;K3;60;5;41;10524;6;19;0;20;15
105;24;K4;60;31;40;10524;1;19;0;22;15
105;24;K4;60;31;40;10524;6;19;0;20;15
105;24;K5;60;33;54;10524;1;19;0;22;15
105;24;K5;60;33;54;10524;6;19;0;20;15
105;24;K6;60;44;53;10524;1;19;0;22;15
105;24;K6;60;44;53;10524;6;19;0;20;15
105;25;K1;90;37;83;10525;1;5;0;9;0
105;25;K2;90;37;8;10525;1;5;0;9;0
105;25;K3;90;19;85;10525;1;5;0;9;0
105;25;K4;90;11;30;10525;1;5;0;9;0
105;25;K5;90;88;34;10525;1;5;0;9;0
105;25;K6;90;88;7;10525;1;5;0;9;0
105;27;K1;90;8;58;10527;1;13;30;17;0
105;27;K2;90;83;58;10527;1;13;30;17;0
105;27;K3;90;23;77;10527;1;13;30;17;0
105;27;K4;90;61;76;10527;1;13;30;17;0
105;27;K5;90;63;5;10527;1;13;30;17;0
105;27;K6;90;80;4;10527;1;13;30;17;0
105;28;K1;90;8;58;10528;;;;;
105;28;K2;90;83;58;10528;;;;;
105;28;K3;90;23;77;10528;;;;;
105;28;K4;90;61;76;10528;;;;;
105;28;K5;90;63;5;10528;;;;;
105;28;K6;90;80;4;10528;;;;;
106;22;K1;75;52;17;10622;1;16;45;19;0
106;22;K1;75;52;17;10622;6;5;0;19;0
106;22;K1;75;52;17;10622;7;5;0;23;59
106;22;K2;75;7;17;10622;1;16;45;19;0
106;22;K2;75;7;17;10622;6;5;0;19;0
106;22;K2;75;7;17;10622;7;5;0;23;59
106;22;K3;75;10;47;10622;1;16;45;19;0
106;22;K3;75;10;47;10622;6;5;0;19;0
106;22;K3;75;10;47;10622;7;5;0;23;59
106;22;K4;75;21;47;10622;1;16;45;19;0
106;22;K4;75;21;47;10622;6;5;0;19;0
106;22;K4;75;21;47;10622;7;5;0;23;59
106;22;K5;75;27;4;10622;1;16;45;19;0
106;22;K5;75;27;4;10622;6;5;0;19;0
106;22;K5;75;27;4;10622;7;5;0;23;59
106;22;K6;75;50;4;10622;1;16;45;19;0
106;22;K6;75;50;4;10622;6;5;0;19;0
106;22;K6;75;50;4;10622;7;5;0;23;59
106;24;K1;60;45;20;10624;1;0;0;5;0
106;24;K1;60;45;20;10624;1;19;0;23;50
106;24;K1;60;45;20;10624;6;0;0;5;0
106;24;K1;60;45;20;10624;6;19;0;23;59
106;24;K1;60;45;20;10624;7;0;0;5;0
106;24;K2;60;11;20;10624;1;0;0;5;0
106;24;K2;60;11;20;10624;1;19;0;23;50
106;24;K2;60;11;20;10624;6;0;0;5;0
106;24;K2;60;11;20;10624;6;19;0;23;59
106;24;K2;60;11;20;10624;7;0;0;5;0
106;24;K3;60;14;40;10624;1;0;0;5;0
106;24;K3;60;14;40;10624;1;19;0;23;50
106;24;K3;60;14;40;10624;6;0;0;5;0
106;24;K3;60;14;40;10624;6;19;0;23;59
106;24;K3;60;14;40;10624;7;0;0;5;0
106;24;K4;60;24;40;10624;1;0;0;5;0
106;24;K4;60;24;40;10624;1;19;0;23;50
106;24;K4;60;24;40;10624;6;0;0;5;0
106;24;K4;60;24;40;10624;6;19;0;23;59
106;24;K4;60;24;40;10624;7;0;0;5;0
106;24;K5;60;30;8;10624;1;0;0;5;0
106;24;K5;60;30;8;10624;1;19;0;23;50
106;24;K5;60;30;8;10624;6;0;0;5;0
106;24;K5;60;30;8;10624;6;19;0;23;59
106;24;K5;60;30;8;10624;7;0;0;5;0
106;24;K6;60;43;8;10624;1;0;0;5;0
106;24;K6;60;43;8;10624;1;19;0;23;50
106;24;K6;60;43;8;10624;6;0;0;5;0
106;24;K6;60;43;8;10624;6;19;0;23;59
106;24;K6;60;43;8;10624;7;0;0;5;0
106;25;K1;90;36;86;10625;1;5;0;7;30
106;25;K2;90;77;86;10625;1;5;0;7;30
106;25;K3;90;80;31;10625;1;5;0;7;30
106;25;K4;90;0;31;10625;1;5;0;7;30
106;25;K5;90;6;74;10625;1;5;0;7;30
106;25;K6;90;34;74;10625;1;5;0;7;30
106;27;K1;90;82;45;10627;1;7;30;16;45
106;27;K2;90;29;45;10627;1;7;30;16;45
106;27;K3;90;32;77;10627;1;7;30;16;45
106;27;K4;90;49;77;10627;1;7;30;16;45
106;27;K5;90;55;26;10627;1;7;30;16;45
106;27;K6;90;80;26;10627;1;7;30;16;45
107;1;K1;90;8;42;1071;1;6;0;9;0
107;1;K2;90;0;90;1071;1;6;0;9;0
107;1;K3;90;5;17;1071;1;6;0;9;0
107;1;K4;90;67;0;1071;1;6;0;9;0
107;1;K5;90;23;60;1071;1;6;0;9;0
107;1;K6;90;45;62;1071;1;6;0;9;0
107;1;K7;90;67;0;1071;1;6;0;9;0
107;1;K8;90;49;59;1071;1;6;0;9;0
107;2;K1;75;0;25;1072;1;9;0;13;30
107;2;K1;75;0;25;1072;1;13;30;17;0
107;2;K1;75;0;25;1072;6;6;0;19;0
107;2;K1;75;0;25;1072;7;6;0;19;0
107;2;K2;75;0;75;1072;1;9;0;13;30
107;2;K2;75;0;75;1072;1;13;30;17;0
107;2;K2;75;0;75;1072;6;6;0;19;0
107;2;K2;75;0;75;1072;7;6;0;19;0
107;2;K3;75;72;4;1072;1;9;0;13;30
107;2;K3;75;72;4;1072;1;13;30;17;0
107;2;K3;75;72;4;1072;6;6;0;19;0
107;2;K3;75;72;4;1072;7;6;0;19;0
107;2;K4;75;44;67;1072;1;9;0;13;30
107;2;K4;75;44;67;1072;1;13;30;17;0
107;2;K4;75;44;67;1072;6;6;0;19;0
107;2;K4;75;44;67;1072;7;6;0;19;0
107;2;K5;75;10;37;1072;1;9;0;13;30
107;2;K5;75;10;37;1072;1;13;30;17;0
107;2;K5;75;10;37;1072;6;6;0;19;0
107;2;K5;75;10;37;1072;7;6;0;19;0
107;2;K6;75;28;39;1072;1;9;0;13;30
107;2;K6;75;28;39;1072;1;13;30;17;0
107;2;K6;75;28;39;1072;6;6;0;19;0
107;2;K6;75;28;39;1072;7;6;0;19;0
107;2;K7;75;44;67;1072;1;9;0;13;30
107;2;K7;75;44;67;1072;1;13;30;17;0
107;2;K7;75;44;67;1072;6;6;0;19;0
107;2;K7;75;44;67;1072;7;6;0;19;0
107;2;K8;75;31;36;1072;1;9;0;13;30
107;2;K8;75;31;36;1072;1;13;30;17;0
107;2;K8;75;31;36;1072;6;6;0;19;0
107;2;K8;75;31;36;1072;7;6;0;19;0
107;3;K1;90;7;41;1073;;;;;
107;3;K2;90;0;75;1073;;;;;
107;3;K3;90;4;17;1073;;;;;
107;3;K4;90;66;89;1073;;;;;
107;3;K5;90;23;59;1073;;;;;
107;3;K6;90;44;61;1073;;;;;
107;3;K7;90;66;89;1073;;;;;
107;3;K8;90;48;58;1073;;;;;
107;11;K1;90;8;48;10711;1;0;0;6;0
107;11;K1;90;8;48;10711;1;17;0;19;0
107;11;K1;90;8;48;10711;6;0;0;6;0
107;11;K1;90;8;48;10711;6;19;0;23;59
107;11;K1;90;8;48;10711;7;0;0;6;0
107;11;K1;90;8;48;10711;7;19;0;23;59
107;11;K2;90;0;90;10711;1;0;0;6;0
107;11;K2;90;0;90;10711;1;17;0;19;0
107;11;K2;90;0;90;10711;6;0;0;6;0
107;11;K2;90;0;90;10711;6;19;0;23;59
107;11;K2;90;0;90;10711;7;0;0;6;0
107;11;K2;90;0;90;10711;7;19;0;23;59
107;11;K3;90;5;23;10711;1;0;0;6;0
107;11;K3;90;5;23;10711;1;17;0;19;0
107;11;K3;90;5;23;10711;6;0;0;6;0
107;11;K3;90;5;23;10711;6;19;0;23;59
107;11;K3;90;5;23;10711;7;0;0;6;0
107;11;K3;90;5;23;10711;7;19;0;23;59
107;11;K4;90;67;0;10711;1;0;0;6;0
107;11;K4;90;67;0;10711;1;17;0;19;0
107;11;K4;90;67;0;10711;6;0;0;6;0
107;11;K4;90;67;0;10711;6;19;0;23;59
107;11;K4;90;67;0;10711;7;0;0;6;0
107;11;K4;90;67;0;10711;7;19;0;23;59
107;11;K5;90;29;60;10711;1;0;0;6;0
107;11;K5;90;29;60;10711;1;17;0;19;0
107;11;K5;90;29;60;10711;6;0;0;6;0
107;11;K5;90;29;60;10711;6;19;0;23;59
107;11;K5;90;29;60;10711;7;0;0;6;0
107;11;K5;90;29;60;10711;7;19;0;23;59
107;11;K6;90;51;62;10711;1;0;0;6;0
107;11;K6;90;51;62;10711;1;17;0;19;0
107;11;K6;90;51;62;10711;6;0;0;6;0
107;11;K6;90;51;62;10711;6;19;0;23;59
107;11;K6;90;51;62;10711;7;0;0;6;0
107;11;K6;90;51;62;10711;7;19;0;23;59
107;11;K7;90;67;0;10711;1;0;0;6;0
107;11;K7;90;67;0;10711;1;17;0;19;0
107;11;K7;90;67;0;10711;6;0;0;6;0
107;11;K7;90;67;0;10711;6;19;0;23;59
107;11;K7;90;67;0;10711;7;0;0;6;0
107;11;K7;90;67;0;10711;7;19;0;23;59
107;11;K8;90;54;59;10711;1;0;0;6;0
107;11;K8;90;54;59;10711;1;17;0;19;0
107;11;K8;90;54;59;10711;6;0;0;6;0
107;11;K8;90;54;59;10711;6;19;0;23;59
107;11;K8;90;54;59;10711;7;0;0;6;0
107;11;K8;90;54;59;10711;7;19;0;23;59
108;1;K1;90;16;49;1081;1;5;0;14;0
108;1;K2;90;85;49;1081;1;5;0;14;0
108;1;K3;90;28;48;1081;1;5;0;14;0
108;1;K4;90;52;77;1081;1;5;0;14;0
108;1;K5;90;57;12;1081;1;5;0;14;0
108;1;K6;90;81;12;1081;1;5;0;14;0
108;2;K1;75;15;46;1082;1;0;0;5;0
108;2;K1;75;15;46;1082;1;20;0;23;59
108;2;K1;75;15;46;1082;6;0;0;23;59
108;2;K1;75;15;46;1082;7;0;0;23;59
108;2;K2;75;5;46;1082;1;0;0;5;0
108;2;K2;75;5;46;1082;1;20;0;23;59
108;2;K2;75;5;46;1082;6;0;0;23;59
108;2;K2;75;5;46;1082;7;0;0;23;59
108;2;K3;75;27;45;1082;1;0;0;5;0
108;2;K3;75;27;45;1082;1;20;0;23;59
108;2;K3;75;27;45;1082;6;0;0;23;59
108;2;K3;75;27;45;1082;7;0;0;23;59
108;2;K4;75;49;72;1082;1;0;0;5;0
108;2;K4;75;49;72;1082;1;20;0;23;59
108;2;K4;75;49;72;1082;6;0;0;23;59
108;2;K4;75;49;72;1082;7;0;0;23;59
108;2;K5;75;56;11;1082;1;0;0;5;0
108;2;K5;75;56;11;1082;1;20;0;23;59
108;2;K5;75;56;11;1082;6;0;0;23;59
108;2;K5;75;56;11;1082;7;0;0;23;59
108;2;K6;75;1;11;1082;1;0;0;5;0
108;2;K6;75;1;11;1082;1;20;0;23;59
108;2;K6;75;1;11;1082;6;0;0;23;59
108;2;K6;75;1;11;1082;7;0;0;23;59
108;3;K1;90;15;52;1083;1;14;0;20;0
108;3;K2;90;88;52;1083;1;14;0;20;0
108;3;K3;90;27;51;1083;1;14;0;20;0
108;3;K4;90;55;80;1083;1;14;0;20;0
108;3;K5;90;59;11;1083;1;14;0;20;0
108;3;K6;90;84;11;1083;1;14;0;20;0
120;2;K1;60;59;20;1202;7;0;0;23;59
120;2;K2;60;46;52;1202;7;0;0;23;59
120;2;K3;60;59;21;1202;7;0;0;23;59
120;2;K4;60;28;38;1202;7;0;0;23;59
120;2;K5;60;30;42;1202;7;0;0;23;59
120;22;K1;86;80;24;12022;1;0;0;5;0
120;22;K1;86;80;24;12022;1;9;0;15;0
120;22;K1;86;80;24;12022;1;18;0;23;59
120;22;K1;86;80;24;12022;6;0;0;23;59
120;22;K2;86;62;73;12022;1;0;0;5;0
120;22;K2;86;62;73;12022;1;9;0;15;0
120;22;K2;86;62;73;12022;1;18;0;23;59
120;22;K2;86;62;73;12022;6;0;0;23;59
120;22;K3;86;80;25;12022;1;0;0;5;0
120;22;K3;86;80;25;12022;1;9;0;15;0
120;22;K3;86;80;25;12022;1;18;0;23;59
120;22;K3;86;80;25;12022;6;0;0;23;59
120;22;K4;86;32;54;12022;1;0;0;5;0
120;22;K4;86;32;54;12022;1;9;0;15;0
120;22;K4;86;32;54;12022;1;18;0;23;59
120;22;K4;86;32;54;12022;6;0;0;23;59
120;22;K5;86;34;58;12022;1;0;0;5;0
120;22;K5;86;34;58;12022;1;9;0;15;0
120;22;K5;86;34;58;12022;1;18;0;23;59
120;22;K5;86;34;58;12022;6;0;0;23;59
120;25;K1;106;100;34;12025;1;5;0;9;0
120;25;K2;106;77;93;12025;1;5;0;9;0
120;25;K3;106;100;35;12025;1;5;0;9;0
120;25;K4;106;42;69;12025;1;5;0;9;0
120;25;K5;106;44;73;12025;1;5;0;9;0
120;27;K1;106;100;34;12027;1;15;0;18;0
120;27;K2;106;77;93;12027;1;15;0;18;0
120;27;K3;106;100;35;12027;1;15;0;18;0
120;27;K4;106;42;69;12027;1;15;0;18;0
120;27;K5;106;44;73;12027;1;15;0;18;0
140;2;K1;120;97;63;1402;1;0;0;23;59
140;2;K1;120;97;63;1402;6;0;0;23;59
140;2;K1;120;97;63;1402;7;0;0;23;59
140;2;K2;120;118;62;1402;1;0;0;23;59
140;2;K2;120;118;62;1402;6;0;0;23;59
140;2;K2;120;118;62;1402;7;0;0;23;59
140;2;K3;120;119;62;1402;1;0;0;23;59
140;2;K3;120;119;62;1402;6;0;0;23;59
140;2;K3;120;119;62;1402;7;0;0;23;59
140;2;K4;120;69;89;1402;1;0;0;23;59
140;2;K4;120;69;89;1402;6;0;0;23;59
140;2;K4;120;69;89;1402;7;0;0;23;59
140;2;K5;120;71;115;1402;1;0;0;23;59
140;2;K5;120;71;115;1402;6;0;0;23;59
140;2;K5;120;71;115;1402;7;0;0;23;59
140;2;K6;120;92;114;1402;1;0;0;23;59
140;2;K6;120;92;114;1402;6;0;0;23;59
140;2;K6;120;92;114;1402;7;0;0;23;59
140;2;K7;120;97;66;1402;1;0;0;23;59
140;2;K7;120;97;66;1402;6;0;0;23;59
140;2;K7;120;97;66;1402;7;0;0;23;59
141;1;K1;90;0;64;1411;1;5;0;9;0
141;1;K1;90;0;64;1411;6;7;0;10;0
141;1;K2;90;0;90;1411;1;5;0;9;0
141;1;K2;90;0;90;1411;6;7;0;10;0
141;1;K3;90;71;85;1411;1;5;0;9;0
141;1;K3;90;71;85;1411;6;7;0;10;0
141;1;K4;90;89;61;1411;1;5;0;9;0
141;1;K4;90;89;61;1411;6;7;0;10;0
141;2;K1;75;0;43;1412;1;9;0;15;0
141;2;K1;75;0;43;1412;6;10;0;15;0
141;2;K1;75;0;43;1412;7;8;0;19;0
141;2;K2;75;0;75;1412;1;9;0;15;0
141;2;K2;75;0;75;1412;6;10;0;15;0
141;2;K2;75;0;75;1412;7;8;0;19;0
141;2;K3;75;50;70;1412;1;9;0;15;0
141;2;K3;75;50;70;1412;6;10;0;15;0
141;2;K3;75;50;70;1412;7;8;0;19;0
141;2;K4;75;74;4;1412;1;9;0;15;0
141;2;K4;75;74;4;1412;6;10;0;15;0
141;2;K4;75;74;4;1412;7;8;0;19;0
141;3;K1;90;0;58;1413;1;15;0;19;0
141;3;K1;90;0;58;1413;6;15;0;18;0
141;3;K2;90;0;90;1413;1;15;0;19;0
141;3;K2;90;0;90;1413;6;15;0;18;0
141;3;K3;90;65;85;1413;1;15;0;19;0
141;3;K3;90;65;85;1413;6;15;0;18;0
141;3;K4;90;89;55;1413;1;15;0;19;0
141;3;K4;90;89;55;1413;6;15;0;18;0
141;4;K1;60;0;38;1414;1;0;0;5;0
141;4;K1;60;0;38;1414;1;19;0;23;59
141;4;K1;60;0;38;1414;6;0;0;7;0
141;4;K1;60;0;38;1414;6;18;0;23;59
141;4;K1;60;0;38;1414;7;0;0;8;0
141;4;K1;60;0;38;1414;7;19;0;23;59
141;4;K2;60;0;60;1414;1;0;0;5;0
141;4;K2;60;0;60;1414;1;19;0;23;59
141;4;K2;60;0;60;1414;6;0;0;7;0
141;4;K2;60;0;60;1414;6;18;0;23;59
141;4;K2;60;0;60;1414;7;0;0;8;0
141;4;K2;60;0;60;1414;7;19;0;23;59
141;4;K3;60;45;55;1414;1;0;0;5;0
141;4;K3;60;45;55;1414;1;19;0;23;59
141;4;K3;60;45;55;1414;6;0;0;7;0
141;4;K3;60;45;55;1414;6;18;0;23;59
141;4;K3;60;45;55;1414;7;0;0;8;0
141;4;K3;60;45;55;1414;7;19;0;23;59
141;4;K4;60;59;35;1414;1;0;0;5;0
141;4;K4;60;59;35;1414;1;19;0;23;59
141;4;K4;60;59;35;1414;6;0;0;7;0
141;4;K4;60;59;35;1414;6;18;0;23;59
141;4;K4;60;59;35;1414;7;0;0;8;0
141;4;K4;60;59;35;1414;7;19;0;23;59
150;1;K1;90;88;22;1501;1;5;0;9;0
150;1;K1;90;88;22;1501;6;5;0;9;0
150;1;K2;90;88;22;1501;1;5;0;9;0
150;1;K2;90;88;22;1501;6;5;0;9;0
150;1;K3;90;88;55;1501;1;5;0;9;0
150;1;K3;90;88;55;1501;6;5;0;9;0
150;1;K4;90;26;55;1501;1;5;0;9;0
150;1;K4;90;26;55;1501;6;5;0;9;0
150;1;K5;90;31;83;1501;1;5;0;9;0
150;1;K5;90;31;83;1501;6;5;0;9;0
150;1;K6;90;59;83;1501;1;5;0;9;0
150;1;K6;90;59;83;1501;6;5;0;9;0
150;1;K7;90;0;90;1501;1;5;0;9;0
150;1;K7;90;0;90;1501;6;5;0;9;0
150;2;K1;75;73;21;1502;1;9;0;15;0
150;2;K1;75;73;21;1502;6;9;0;15;0
150;2;K1;75;73;21;1502;7;8;0;19;0
150;2;K2;75;73;21;1502;1;9;0;15;0
150;2;K2;75;73;21;1502;6;9;0;15;0
150;2;K2;75;73;21;1502;7;8;0;19;0
150;2;K3;75;73;47;1502;1;9;0;15;0
150;2;K3;75;73;47;1502;6;9;0;15;0
150;2;K3;75;73;47;1502;7;8;0;19;0
150;2;K4;75;25;47;1502;1;9;0;15;0
150;2;K4;75;25;47;1502;6;9;0;15;0
150;2;K4;75;25;47;1502;7;8;0;19;0
150;2;K5;75;30;68;1502;1;9;0;15;0
150;2;K5;75;30;68;1502;6;9;0;15;0
150;2;K5;75;30;68;1502;7;8;0;19;0
150;2;K6;75;51;68;1502;1;9;0;15;0
150;2;K6;75;51;68;1502;6;9;0;15;0
150;2;K6;75;51;68;1502;7;8;0;19;0
150;2;K7;75;0;75;1502;1;9;0;15;0
150;2;K7;75;0;75;1502;6;9;0;15;0
150;2;K7;75;0;75;1502;7;8;0;19;0
150;3;K1;90;88;22;1503;1;15;0;19;0
150;3;K1;90;88;22;1503;6;15;0;19;0
150;3;K2;90;88;22;1503;1;15;0;19;0
150;3;K2;90;88;22;1503;6;15;0;19;0
150;3;K3;90;88;57;1503;1;15;0;19;0
150;3;K3;90;88;57;1503;6;15;0;19;0
150;3;K4;90;26;57;1503;1;15;0;19;0
150;3;K4;90;26;57;1503;6;15;0;19;0
150;3;K5;90;31;83;1503;1;15;0;19;0
150;3;K5;90;31;83;1503;6;15;0;19;0
150;3;K6;90;61;83;1503;1;15;0;19;0
150;3;K6;90;61;83;1503;6;15;0;19;0
150;3;K7;90;0;90;1503;1;15;0;19;0
150;3;K7;90;0;90;1503;6;15;0;19;0
150;4;K1;60;58;21;1504;1;0;0;5;0
150;4;K1;60;58;21;1504;1;19;0;23;59
150;4;K1;60;58;21;1504;6;0;0;5;0
150;4;K1;60;58;21;1504;6;19;0;23;59
150;4;K1;60;58;21;1504;7;0;0;8;0
150;4;K1;60;58;21;1504;7;19;0;23;59
150;4;K2;60;58;21;1504;1;0;0;5;0
150;4;K2;60;58;21;1504;1;19;0;23;59
150;4;K2;60;58;21;1504;6;0;0;5;0
150;4;K2;60;58;21;1504;6;19;0;23;59
150;4;K2;60;58;21;1504;7;0;0;8;0
150;4;K2;60;58;21;1504;7;19;0;23;59
150;4;K3;60;58;37;1504;1;0;0;5;0
150;4;K3;60;58;37;1504;1;19;0;23;59
150;4;K3;60;58;37;1504;6;0;0;5;0
150;4;K3;60;58;37;1504;6;19;0;23;59
150;4;K3;60;58;37;1504;7;0;0;8;0
150;4;K3;60;58;37;1504;7;19;0;23;59
150;4;K4;60;25;37;1504;1;0;0;5;0
150;4;K4;60;25;37;1504;1;19;0;23;59
150;4;K4;60;25;37;1504;6;0;0;5;0
150;4;K4;60;25;37;1504;6;19;0;23;59
150;4;K4;60;25;37;1504;7;0;0;8;0
150;4;K4;60;25;37;1504;7;19;0;23;59
150;4;K5;60;30;53;1504;1;0;0;5;0
150;4;K5;60;30;53;1504;1;19;0;23;59
150;4;K5;60;30;53;1504;6;0;0;5;0
150;4;K5;60;30;53;1504;6;19;0;23;59
150;4;K5;60;30;53;1504;7;0;0;8;0
150;4;K5;60;30;53;1504;7;19;0;23;59
150;4;K6;60;41;53;1504;1;0;0;5;0
150;4;K6;60;41;53;1504;1;19;0;23;59
150;4;K6;60;41;53;1504;6;0;0;5;0
150;4;K6;60;41;53;1504;6;19;0;23;59
150;4;K6;60;41;53;1504;7;0;0;8;0
150;4;K6;60;41;53;1504;7;19;0;23;59
150;4;K7;60;0;60;1504;1;0;0;5;0
150;4;K7;60;0;60;1504;1;19;0;23;59
150;4;K7;60;0;60;1504;6;0;0;5;0
150;4;K7;60;0;60;1504;6;19;0;23;59
150;4;K7;60;0;60;1504;7;0;0;8;0
150;4;K7;60;0;60;1504;7;19;0;23;59
160;1;K1;90;57;0;1601;1;5;0;9;0
160;1;K2;90;38;0;1601;1;5;0;9;0
160;1;K3;90;58;0;1601;1;5;0;9;0
160;1;K4;90;6;34;1601;1;5;0;9;0
160;1;K5;90;6;54;1601;1;5;0;9;0
160;1;K6;90;38;54;1601;1;5;0;9;0
160;1;K7;90;33;43;1601;1;5;0;9;0
160;1;K8;90;0;90;1601;1;5;0;9;0
160;2;K1;75;56;0;1602;1;9;0;13;30
160;2;K1;75;56;0;1602;1;17;30;22;0
160;2;K1;75;56;0;1602;6;9;0;20;0
160;2;K1;75;56;0;1602;7;9;0;22;0
160;2;K2;75;36;0;1602;1;9;0;13;30
160;2;K2;75;36;0;1602;1;17;30;22;0
160;2;K2;75;36;0;1602;6;9;0;20;0
160;2;K2;75;36;0;1602;7;9;0;22;0
160;2;K3;75;57;0;1602;1;9;0;13;30
160;2;K3;75;57;0;1602;1;17;30;22;0
160;2;K3;75;57;0;1602;6;9;0;20;0
160;2;K3;75;57;0;1602;7;9;0;22;0
160;2;K4;75;6;32;1602;1;9;0;13;30
160;2;K4;75;6;32;1602;1;17;30;22;0
160;2;K4;75;6;32;1602;6;9;0;20;0
160;2;K4;75;6;32;1602;7;9;0;22;0
160;2;K5;75;6;53;1602;1;9;0;13;30
160;2;K5;75;6;53;1602;1;17;30;22;0
160;2;K5;75;6;53;1602;6;9;0;20;0
160;2;K5;75;6;53;1602;7;9;0;22;0
160;2;K6;75;36;53;1602;1;9;0;13;30
160;2;K6;75;36;53;1602;1;17;30;22;0
160;2;K6;75;36;53;1602;6;9;0;20;0
160;2;K6;75;36;53;1602;7;9;0;22;0
160;2;K7;75;31;42;1602;1;9;0;13;30
160;2;K7;75;31;42;1602;1;17;30;22;0
160;2;K7;75;31;42;1602;6;9;0;20;0
160;2;K7;75;31;42;1602;7;9;0;22;0
160;2;K8;75;0;90;1602;1;9;0;13;30
160;2;K8;75;0;90;1602;1;17;30;22;0
160;2;K8;75;0;90;1602;6;9;0;20;0
160;2;K8;75;0;90;1602;7;9;0;22;0
160;3;K1;90;60;0;1603;1;13;30;17;30
160;3;K2;90;38;0;1603;1;13;30;17;30
160;3;K3;90;61;0;1603;1;13;30;17;30
160;3;K4;90;6;34;1603;1;13;30;17;30
160;3;K5;90;6;57;1603;1;13;30;17;30
160;3;K6;90;38;57;1603;1;13;30;17;30
160;3;K7;90;33;46;1603;1;13;30;17;30
160;3;K8;90;0;90;1603;1;13;30;17;30
160;4;K1;60;52;0;1604;1;0;0;5;0
160;4;K1;60;52;0;1604;1;22;0;23;59
160;4;K1;60;52;0;1604;6;0;0;9;0
160;4;K1;60;52;0;1604;6;20;0;23;59
160;4;K1;60;52;0;1604;7;0;0;9;0
160;4;K1;60;52;0;1604;7;22;0;23;59
160;4;K2;60;36;0;1604;1;0;0;5;0
160;4;K2;60;36;0;1604;1;22;0;23;59
160;4;K2;60;36;0;1604;6;0;0;9;0
160;4;K2;60;36;0;1604;6;20;0;23;59
160;4;K2;60;36;0;1604;7;0;0;9;0
160;4;K2;60;36;0;1604;7;22;0;23;59
160;4;K3;60;53;0;1604;1;0;0;5;0
160;4;K3;60;53;0;1604;1;22;0;23;59
160;4;K3;60;53;0;1604;6;0;0;9;0
160;4;K3;60;53;0;1604;6;20;0;23;59
160;4;K3;60;53;0;1604;7;0;0;9;0
160;4;K3;60;53;0;1604;7;22;0;23;59
160;4;K4;60;6;32;1604;1;0;0;5;0
160;4;K4;60;6;32;1604;1;22;0;23;59
160;4;K4;60;6;32;1604;6;0;0;9;0
160;4;K4;60;6;32;1604;6;20;0;23;59
160;4;K4;60;6;32;1604;7;0;0;9;0
160;4;K4;60;6;32;1604;7;22;0;23;59
160;4;K5;60;6;49;1604;1;0;0;5;0
160;4;K5;60;6;49;1604;1;22;0;23;59
160;4;K5;60;6;49;1604;6;0;0;9;0
160;4;K5;60;6;49;1604;6;20;0;23;59
160;4;K5;60;6;49;1604;7;0;0;9;0
160;4;K5;60;6;49;1604;7;22;0;23;59
160;4;K6;60;36;49;1604;1;0;0;5;0
160;4;K6;60;36;49;1604;1;22;0;23;59
160;4;K6;60;36;49;1604;6;0;0;9;0
160;4;K6;60;36;49;1604;6;20;0;23;59
160;4;K6;60;36;49;1604;7;0;0;9;0
160;4;K6;60;36;49;1604;7;22;0;23;59
160;4;K7;60;31;38;1604;1;0;0;5;0
160;4;K7;60;31;38;1604;1;22;0;23;59
160;4;K7;60;31;38;1604;6;0;0;9;0
160;4;K7;60;31;38;1604;6;20;0;23;59
160;4;K7;60;31;38;1604;7;0;0;9;0
160;4;K7;60;31;38;1604;7;22;0;23;59
160;4;K8;60;0;90;1604;1;0;0;5;0
160;4;K8;60;0;90;1604;1;22;0;23;59
160;4;K8;60;0;90;1604;6;0;0;9;0
160;4;K8;60;0;90;1604;6;20;0;23;59
160;4;K8;60;0;90;1604;7;0;0;9;0
160;4;K8;60;0;90;1604;7;22;0;23;59
171;2;K1;75;26;5;1712;1;0;0;23;59
171;2;K1;75;26;5;1712;6;0;0;23;59
171;2;K1;75;26;5;1712;7;0;0;23;59
171;2;K2;75;26;5;1712;1;0;0;23;59
171;2;K2;75;26;5;1712;6;0;0;23;59
171;2;K2;75;26;5;1712;7;0;0;23;59
171;2;K3;75;10;23;1712;1;0;0;23;59
171;2;K3;75;10;23;1712;6;0;0;23;59
171;2;K3;75;10;23;1712;7;0;0;23;59
171;2;K4;75;10;20;1712;1;0;0;23;59
171;2;K4;75;10;20;1712;6;0;0;23;59
171;2;K4;75;10;20;1712;7;0;0;23;59
173;1;K1;90;54;83;1731;1;5;0;9;0
173;1;K2;90;56;6;1731;1;5;0;9;0
173;1;K3;90;13;36;1731;1;5;0;9;0
173;1;K4;90;16;49;1731;1;5;0;9;0
173;1;K5;90;40;49;1731;1;5;0;9;0
173;1;K12;90;87;6;1731;1;5;0;9;0
173;2;K1;75;44;62;1732;1;9;0;14;0
173;2;K2;75;46;73;1732;1;9;0;14;0
173;2;K3;75;5;28;1732;1;9;0;14;0
173;2;K4;75;8;39;1732;1;9;0;14;0
173;2;K5;75;32;39;1732;1;9;0;14;0
173;2;K12;75;66;73;1732;1;9;0;14;0
173;3;K1;90;0;33;1733;1;14;0;17;0
173;3;K1;90;0;33;1733;1;17;0;20;0
173;3;K2;90;2;44;1733;1;14;0;17;0
173;3;K2;90;2;44;1733;1;17;0;20;0
173;3;K3;90;51;74;1733;1;14;0;17;0
173;3;K3;90;51;74;1733;1;17;0;20;0
173;3;K4;90;54;85;1733;1;14;0;17;0
173;3;K4;90;54;85;1733;1;17;0;20;0
173;3;K5;90;78;85;1733;1;14;0;17;0
173;3;K5;90;78;85;1733;1;17;0;20;0
173;3;K12;90;37;44;1733;1;14;0;17;0
173;3;K12;90;37;44;1733;1;17;0;20;0
173;4;K1;60;32;48;1734;1;0;0;5;0
173;4;K1;60;32;48;1734;1;20;0;23;59
173;4;K1;60;32;48;1734;6;0;0;23;59
173;4;K1;60;32;48;1734;7;0;0;23;59
173;4;K2;60;34;77;1734;1;0;0;5;0
173;4;K2;60;34;77;1734;1;20;0;23;59
173;4;K2;60;34;77;1734;6;0;0;23;59
173;4;K2;60;34;77;1734;7;0;0;23;59
173;4;K3;60;0;17;1734;1;0;0;5;0
173;4;K3;60;0;17;1734;1;20;0;23;59
173;4;K3;60;0;17;1734;6;0;0;23;59
173;4;K3;60;0;17;1734;7;0;0;23;59
173;4;K4;60;1;27;1734;1;0;0;5;0
173;4;K4;60;1;27;1734;1;20;0;23;59
173;4;K4;60;1;27;1734;6;0;0;23;59
173;4;K4;60;1;27;1734;7;0;0;23;59
173;4;K5;60;21;27;1734;1;0;0;5;0
173;4;K5;60;21;27;1734;1;20;0;23;59
173;4;K5;60;21;27;1734;6;0;0;23;59
173;4;K5;60;21;27;1734;7;0;0;23;59
173;4;K12;60;0;6;1734;1;0;0;5;0
173;4;K12;60;0;6;1734;1;20;0;23;59
173;4;K12;60;0;6;1734;6;0;0;23;59
173;4;K12;60;0;6;1734;7;0;0;23;59
191;2;K1;75;69;24;1912;1;0;0;5;0
191;2;K1;75;69;24;1912;1;10;0;13;30
191;2;K1;75;69;24;1912;1;18;0;23;59
191;2;K1;75;69;24;1912;6;0;0;23;59
191;2;K1;75;69;24;1912;7;0;0;23;59
191;2;K2;75;29;49;1912;1;0;0;5;0
191;2;K2;75;29;49;1912;1;10;0;13;30
191;2;K2;75;29;49;1912;1;18;0;23;59
191;2;K2;75;29;49;1912;6;0;0;23;59
191;2;K2;75;29;49;1912;7;0;0;23;59
191;2;K3;75;29;64;1912;1;0;0;5;0
191;2;K3;75;29;64;1912;1;10;0;13;30
191;2;K3;75;29;64;1912;1;18;0;23;59
191;2;K3;75;29;64;1912;6;0;0;23;59
191;2;K3;75;29;64;1912;7;0;0;23;59
191;2;K4;75;53;64;1912;1;0;0;5;0
191;2;K4;75;53;64;1912;1;10;0;13;30
191;2;K4;75;53;64;1912;1;18;0;23;59
191;2;K4;75;53;64;1912;6;0;0;23;59
191;2;K4;75;53;64;1912;7;0;0;23;59
191;2;K5;75;67;23;1912;1;0;0;5;0
191;2;K5;75;67;23;1912;1;10;0;13;30
191;2;K5;75;67;23;1912;1;18;0;23;59
191;2;K5;75;67;23;1912;6;0;0;23;59
191;2;K5;75;67;23;1912;7;0;0;23;59
191;5;K1;90;81;30;1915;1;5;0;10;0
191;5;K1;90;81;30;1915;1;13;30;18;0
191;5;K2;90;35;61;1915;1;5;0;10;0
191;5;K2;90;35;61;1915;1;13;30;18;0
191;5;K3;90;35;89;1915;1;5;0;10;0
191;5;K3;90;35;89;1915;1;13;30;18;0
191;5;K4;90;65;76;1915;1;5;0;10;0
191;5;K4;90;65;76;1915;1;13;30;18;0
191;5;K5;90;2;29;1915;1;5;0;10;0
191;5;K5;90;2;29;1915;1;13;30;18;0
192;2;K1;75;69;5;1922;1;12;0;14;0
192;2;K1;75;69;5;1922;1;16;30;18;0
192;2;K1;75;69;5;1922;6;8;0;22;0
192;2;K1;75;69;5;1922;7;8;0;22;0
192;2;K1z;75;0;75;1922;1;12;0;14;0
192;2;K1z;75;0;75;1922;1;16;30;18;0
192;2;K1z;75;0;75;1922;6;8;0;22;0
192;2;K1z;75;0;75;1922;7;8;0;22;0
192;2;K2;75;69;0;1922;1;12;0;14;0
192;2;K2;75;69;0;1922;1;16;30;18;0
192;2;K2;75;69;0;1922;6;8;0;22;0
192;2;K2;75;69;0;1922;7;8;0;22;0
192;2;K3;75;51;6;1922;1;12;0;14;0
192;2;K3;75;51;6;1922;1;16;30;18;0
192;2;K3;75;51;6;1922;6;8;0;22;0
192;2;K3;75;51;6;1922;7;8;0;22;0
192;2;K4;75;51;57;1922;1;12;0;14;0
192;2;K4;75;51;57;1922;1;16;30;18;0
192;2;K4;75;51;57;1922;6;8;0;22;0
192;2;K4;75;51;57;1922;7;8;0;22;0
192;2;K5;75;36;4;1922;1;12;0;14;0
192;2;K5;75;36;4;1922;1;16;30;18;0
192;2;K5;75;36;4;1922;6;8;0;22;0
192;2;K5;75;36;4;1922;7;8;0;22;0
192;2;K6;75;53;66;1922;1;12;0;14;0
192;2;K6;75;53;66;1922;1;16;30;18;0
192;2;K6;75;53;66;1922;6;8;0;22;0
192;2;K6;75;53;66;1922;7;8;0;22;0
192;2;K7;75;14;40;1922;1;12;0;14;0
192;2;K7;75;14;40;1922;1;16;30;18;0
192;2;K7;75;14;40;1922;6;8;0;22;0
192;2;K7;75;14;40;1922;7;8;0;22;0
192;2;K8;75;33;64;1922;1;12;0;14;0
192;2;K8;75;33;64;1922;1;16;30;18;0
192;2;K8;75;33;64;1922;6;8;0;22;0
192;2;K8;75;33;64;1922;7;8;0;22;0
192;2;K9;75;14;40;1922;1;12;0;14;0
192;2;K9;75;14;40;1922;1;16;30;18;0
192;2;K9;75;14;40;1922;6;8;0;22;0
192;2;K9;75;14;40;1922;7;8;0;22;0
192;3;K1;90;69;3;1923;1;14;0;16;30
192;3;K1z;90;1;6;1923;1;14;0;16;30
192;3;K2;90;69;75;1923;1;14;0;16;30
192;3;K3;90;51;83;1923;1;14;0;16;30
192;3;K4;90;51;57;1923;1;14;0;16;30
192;3;K5;90;23;79;1923;1;14;0;16;30
192;3;K6;90;53;66;1923;1;14;0;16;30
192;3;K7;90;12;40;1923;1;14;0;16;30
192;3;K8;90;20;64;1923;1;14;0;16;30
192;3;K9;90;12;40;1923;1;14;0;16;30
192;11;K1;120;58;90;19211;1;0;0;12;0
192;11;K1;120;58;90;19211;1;18;0;23;59
192;11;K1;120;58;90;19211;6;0;0;8;0
192;11;K1;120;58;90;19211;6;22;0;23;59
192;11;K1;120;58;90;19211;7;0;0;8;0
192;11;K1;120;58;90;19211;7;22;0;23;59
192;11;K1z;120;87;93;19211;1;0;0;12;0
192;11;K1z;120;87;93;19211;1;18;0;23;59
192;11;K1z;120;87;93;19211;6;0;0;8;0
192;11;K1z;120;87;93;19211;6;22;0;23;59
192;11;K1z;120;87;93;19211;7;0;0;8;0
192;11;K1z;120;87;93;19211;7;22;0;23;59
192;11;K2;120;58;74;19211;1;0;0;12;0
192;11;K2;120;58;74;19211;1;18;0;23;59
192;11;K2;120;58;74;19211;6;0;0;8;0
192;11;K2;120;58;74;19211;6;22;0;23;59
192;11;K2;120;58;74;19211;7;0;0;8;0
192;11;K2;120;58;74;19211;7;22;0;23;59
192;11;K3;120;18;79;19211;1;0;0;12;0
192;11;K3;120;18;79;19211;1;18;0;23;59
192;11;K3;120;18;79;19211;6;0;0;8;0
192;11;K3;120;18;79;19211;6;22;0;23;59
192;11;K3;120;18;79;19211;7;0;0;8;0
192;11;K3;120;18;79;19211;7;22;0;23;59
192;11;K4;120;18;46;19211;1;0;0;12;0
192;11;K4;120;18;46;19211;1;18;0;23;59
192;11;K4;120;18;46;19211;6;0;0;8;0
192;11;K4;120;18;46;19211;6;22;0;23;59
192;11;K4;120;18;46;19211;7;0;0;8;0
192;11;K4;120;18;46;19211;7;22;0;23;59
192;11;K5;120;110;78;19211;1;0;0;12;0
192;11;K5;120;110;78;19211;1;18;0;23;59
192;11;K5;120;110;78;19211;6;0;0;8;0
192;11;K5;120;110;78;19211;6;22;0;23;59
192;11;K5;120;110;78;19211;7;0;0;8;0
192;11;K5;120;110;78;19211;7;22;0;23;59
192;11;K6;120;20;55;19211;1;0;0;12;0
192;11;K6;120;20;55;19211;1;18;0;23;59
192;11;K6;120;20;55;19211;6;0;0;8;0
192;11;K6;120;20;55;19211;6;22;0;23;59
192;11;K6;120;20;55;19211;7;0;0;8;0
192;11;K6;120;20;55;19211;7;22;0;23;59
192;11;K7;120;99;7;19211;1;0;0;12;0
192;11;K7;120;99;7;19211;1;18;0;23;59
192;11;K7;120;99;7;19211;6;0;0;8;0
192;11;K7;120;99;7;19211;6;22;0;23;59
192;11;K7;120;99;7;19211;7;0;0;8;0
192;11;K7;120;99;7;19211;7;22;0;23;59
192;11;K8;120;107;53;19211;1;0;0;12;0
192;11;K8;120;107;53;19211;1;18;0;23;59
192;11;K8;120;107;53;19211;6;0;0;8;0
192;11;K8;120;107;53;19211;6;22;0;23;59
192;11;K8;120;107;53;19211;7;0;0;8;0
192;11;K8;120;107;53;19211;7;22;0;23;59
192;11;K9;120;99;7;19211;1;0;0;12;0
192;11;K9;120;99;7;19211;1;18;0;23;59
192;11;K9;120;99;7;19211;6;0;0;8;0
192;11;K9;120;99;7;19211;6;22;0;23;59
192;11;K9;120;99;7;19211;7;0;0;8;0
192;11;K9;120;99;7;19211;7;22;0;23;59
201;2;K1;75;29;0;2012;1;17;0;18;0
201;2;K1;75;29;0;2012;6;5;0;18;15
201;2;K2;75;29;0;2012;1;17;0;18;0
201;2;K2;75;29;0;2012;6;5;0;18;15
201;4;K1;60;9;40;2014;1;8;30;14;0
201;4;K1;60;9;40;2014;1;18;0;20;15
201;4;K2;60;9;40;2014;1;8;30;14;0
201;4;K2;60;9;40;2014;1;18;0;20;15
201;5;K1;45;32;3;2015;1;0;0;8;30
201;5;K1;45;32;3;2015;1;20;15;23;59
201;5;K1;45;32;3;2015;6;0;0;5;0
201;5;K1;45;32;3;2015;6;18;15;23;59
201;5;K1;45;32;3;2015;7;0;0;23;59
201;5;K2;45;32;3;2015;1;0;0;8;30
201;5;K2;45;32;3;2015;1;20;15;23;59
201;5;K2;45;32;3;2015;6;0;0;5;0
201;5;K2;45;32;3;2015;6;18;15;23;59
201;5;K2;45;32;3;2015;7;0;0;23;59
201;7;K1;45;27;43;2017;1;14;0;17;0
201;7;K2;45;27;43;2017;1;14;0;17;0
202;1;K1;90;14;56;2021;1;5;0;8;30
202;1;K2;90;2;55;2021;1;5;0;8;30
202;1;K3;90;78;5;2021;1;5;0;8;30
202;1;K4;90;62;10;2021;1;5;0;8;30
202;1;K5;90;62;72;2021;1;5;0;8;30
202;1;K6;90;0;60;2021;1;5;0;8;30
202;2;K1;75;14;40;2022;1;17;0;18;0
202;2;K1;75;14;40;2022;6;0;0;23;59
202;2;K1;75;14;40;2022;7;0;0;23;59
202;2;K2;75;15;53;2022;1;17;0;18;0
202;2;K2;75;15;53;2022;6;0;0;23;59
202;2;K2;75;15;53;2022;7;0;0;23;59
202;2;K3;75;45;70;2022;1;17;0;18;0
202;2;K3;75;45;70;2022;6;0;0;23;59
202;2;K3;75;45;70;2022;7;0;0;23;59
202;2;K4;75;46;7;2022;1;17;0;18;0
202;2;K4;75;46;7;2022;6;0;0;23;59
202;2;K4;75;46;7;2022;7;0;0;23;59
202;2;K5;75;0;7;2022;1;17;0;18;0
202;2;K5;75;0;7;2022;6;0;0;23;59
202;2;K5;75;0;7;2022;7;0;0;23;59
202;2;K6;75;0;75;2022;1;17;0;18;0
202;2;K6;75;0;75;2022;6;0;0;23;59
202;2;K6;75;0;75;2022;7;0;0;23;59
202;3;K1;90;34;76;2023;1;14;0;17;0
202;3;K2;90;22;75;2023;1;14;0;17;0
202;3;K3;90;8;25;2023;1;14;0;17;0
202;3;K4;90;82;30;2023;1;14;0;17;0
202;3;K5;90;82;2;2023;1;14;0;17;0
202;3;K6;90;0;90;2023;1;14;0;17;0
202;4;K1;60;54;21;2024;1;0;0;5;0
202;4;K1;60;54;21;2024;1;8;30;14;0
202;4;K1;60;54;21;2024;1;18;0;23;59
202;4;K2;60;55;20;2024;1;0;0;5;0
202;4;K2;60;55;20;2024;1;8;30;14;0
202;4;K2;60;55;20;2024;1;18;0;23;59
202;4;K3;60;27;36;2024;1;0;0;5;0
202;4;K3;60;27;36;2024;1;8;30;14;0
202;4;K3;60;27;36;2024;1;18;0;23;59
202;4;K4;60;27;47;2024;1;0;0;5;0
202;4;K4;60;27;47;2024;1;8;30;14;0
202;4;K4;60;27;47;2024;1;18;0;23;59
202;4;K5;60;41;47;2024;1;0;0;5;0
202;4;K5;60;41;47;2024;1;8;30;14;0
202;4;K5;60;41;47;2024;1;18;0;23;59
202;4;K6;60;0;60;2024;1;0;0;5;0
202;4;K6;60;0;60;2024;1;8;30;14;0
202;4;K6;60;0;60;2024;1;18;0;23;59
204;2;K1;75;53;7;2042;6;0;0;23;59
204;2;K1;75;53;7;2042;6;0;0;23;59
204;2;K1;75;53;7;2042;1;0;0;5;0
204;2;K1;75;53;7;2042;1;17;0;18;0
204;2;K1;75;53;7;2042;1;20;15;23;59
204;2;K2;75;53;21;2042;6;0;0;23;59
204;2;K2;75;53;21;2042;6;0;0;23;59
204;2;K2;75;53;21;2042;1;0;0;5;0
204;2;K2;75;53;21;2042;1;17;0;18;0
204;2;K2;75;53;21;2042;1;20;15;23;59
204;2;K3;75;10;21;2042;6;0;0;23;59
204;2;K3;75;10;21;2042;6;0;0;23;59
204;2;K3;75;10;21;2042;1;0;0;5;0
204;2;K3;75;10;21;2042;1;17;0;18;0
204;2;K3;75;10;21;2042;1;20;15;23;59
204;2;K4;75;24;48;2042;6;0;0;23;59
204;2;K4;75;24;48;2042;6;0;0;23;59
204;2;K4;75;24;48;2042;1;0;0;5;0
204;2;K4;75;24;48;2042;1;17;0;18;0
204;2;K4;75;24;48;2042;1;20;15;23;59
204;4;K1;60;32;52;2044;1;8;30;14;0
204;4;K1;60;32;52;2044;1;18;0;20;15
204;4;K2;60;14;54;2044;1;8;30;14;0
204;4;K2;60;14;54;2044;1;18;0;20;15
204;4;K3;60;13;22;2044;1;8;30;14;0
204;4;K3;60;13;22;2044;1;18;0;20;15
204;4;K4;60;57;9;2044;1;8;30;14;0
204;4;K4;60;57;9;2044;1;18;0;20;15
204;5;K1;90;51;4;2045;1;5;0;8;30
204;5;K2;90;51;20;2045;1;5;0;8;30
204;5;K3;90;7;20;2045;1;5;0;8;30
204;5;K4;90;23;46;2045;1;5;0;8;30
204;7;K1;90;70;15;2047;1;14;0;17;0
204;7;K2;90;70;31;2047;1;14;0;17;0
204;7;K3;90;18;31;2047;1;14;0;17;0
204;7;K4;90;34;65;2047;1;14;0;17;0
205;1;K1;90;12;58;2051;1;5;0;8;30
205;1;K2;90;76;58;2051;1;5;0;8;30
205;1;K3;90;76;4;2051;1;5;0;8;30
205;1;K4;90;64;8;2051;1;5;0;8;30
205;1;K5;90;64;71;2051;1;5;0;8;30
205;1;K6;90;0;90;2051;1;5;0;8;30
205;2;K1;75;26;61;2052;1;0;0;5;0
205;2;K1;75;26;61;2052;1;17;0;18;0
205;2;K1;75;26;61;2052;1;22;0;23;59
205;2;K1;75;26;61;2052;6;5;0;20;0
205;2;K1;75;26;61;2052;7;0;0;23;59
205;2;K2;75;4;61;2052;1;0;0;5;0
205;2;K2;75;4;61;2052;1;17;0;18;0
205;2;K2;75;4;61;2052;1;22;0;23;59
205;2;K2;75;4;61;2052;6;5;0;20;0
205;2;K2;75;4;61;2052;7;0;0;23;59
205;2;K3;75;4;18;2052;1;0;0;5;0
205;2;K3;75;4;18;2052;1;17;0;18;0
205;2;K3;75;4;18;2052;1;22;0;23;59
205;2;K3;75;4;18;2052;6;5;0;20;0
205;2;K3;75;4;18;2052;7;0;0;23;59
205;2;K4;75;67;22;2052;1;0;0;5;0
205;2;K4;75;67;22;2052;1;17;0;18;0
205;2;K4;75;67;22;2052;1;22;0;23;59
205;2;K4;75;67;22;2052;6;5;0;20;0
205;2;K4;75;67;22;2052;7;0;0;23;59
205;2;K5;75;67;74;2052;1;0;0;5;0
205;2;K5;75;67;74;2052;1;17;0;18;0
205;2;K5;75;67;74;2052;1;22;0;23;59
205;2;K5;75;67;74;2052;6;5;0;20;0
205;2;K5;75;67;74;2052;7;0;0;23;59
205;2;K6;75;0;75;2052;1;0;0;5;0
205;2;K6;75;0;75;2052;1;17;0;18;0
205;2;K6;75;0;75;2052;1;22;0;23;59
205;2;K6;75;0;75;2052;6;5;0;20;0
205;2;K6;75;0;75;2052;7;0;0;23;59
205;3;K1;90;25;70;2053;1;14;0;17;0
205;3;K2;90;88;70;2053;1;14;0;17;0
205;3;K3;90;88;17;2053;1;14;0;17;0
205;3;K4;90;76;21;2053;1;14;0;17;0
205;3;K5;90;76;83;2053;1;14;0;17;0
205;3;K6;90;0;90;2053;1;14;0;17;0
205;4;K1;60;23;46;2054;1;8;30;14;0
205;4;K1;60;23;46;2054;1;18;0;22;0
205;4;K1;60;23;46;2054;6;0;0;5;0
205;4;K1;60;23;46;2054;6;20;0;23;59
205;4;K2;60;4;46;2054;1;8;30;14;0
205;4;K2;60;4;46;2054;1;18;0;22;0
205;4;K2;60;4;46;2054;6;0;0;5;0
205;4;K2;60;4;46;2054;6;20;0;23;59
205;4;K3;60;4;15;2054;1;8;30;14;0
205;4;K3;60;4;15;2054;1;18;0;22;0
205;4;K3;60;4;15;2054;6;0;0;5;0
205;4;K3;60;4;15;2054;6;20;0;23;59
205;4;K4;60;52;19;2054;1;8;30;14;0
205;4;K4;60;52;19;2054;1;18;0;22;0
205;4;K4;60;52;19;2054;6;0;0;5;0
205;4;K4;60;52;19;2054;6;20;0;23;59
205;4;K5;60;52;59;2054;1;8;30;14;0
205;4;K5;60;52;59;2054;1;18;0;22;0
205;4;K5;60;52;59;2054;6;0;0;5;0
205;4;K5;60;52;59;2054;6;20;0;23;59
205;4;K6;60;0;60;2054;1;8;30;14;0
205;4;K6;60;0;60;2054;1;18;0;22;0
205;4;K6;60;0;60;2054;6;0;0;5;0
205;4;K6;60;0;60;2054;6;20;0;23;59
207;2;K1;75;45;11;2072;1;0;0;5;0
207;2;K1;75;45;11;2072;1;17;0;18;0
207;2;K1;75;45;11;2072;6;0;0;23;59
207;2;K1;75;45;11;2072;7;0;0;23;59
207;2;K2;75;48;30;2072;1;0;0;5;0
207;2;K2;75;48;30;2072;1;17;0;18;0
207;2;K2;75;48;30;2072;6;0;0;23;59
207;2;K2;75;48;30;2072;7;0;0;23;59
207;2;K3;75;33;41;2072;1;0;0;5;0
207;2;K3;75;33;41;2072;1;17;0;18;0
207;2;K3;75;33;41;2072;6;0;0;23;59
207;2;K3;75;33;41;2072;7;0;0;23;59
207;2;K4;75;15;30;2072;1;0;0;5;0
207;2;K4;75;15;30;2072;1;17;0;18;0
207;2;K4;75;15;30;2072;6;0;0;23;59
207;2;K4;75;15;30;2072;7;0;0;23;59
207;2;K5;75;21;34;2072;1;0;0;5;0
207;2;K5;75;21;34;2072;1;17;0;18;0
207;2;K5;75;21;34;2072;6;0;0;23;59
207;2;K5;75;21;34;2072;7;0;0;23;59
207;2;K8;75;47;16;2072;1;0;0;5;0
207;2;K8;75;47;16;2072;1;17;0;18;0
207;2;K8;75;47;16;2072;6;0;0;23;59
207;2;K8;75;47;16;2072;7;0;0;23;59
207;2;K9;75;60;16;2072;1;0;0;5;0
207;2;K9;75;60;16;2072;1;17;0;18;0
207;2;K9;75;60;16;2072;6;0;0;23;59
207;2;K9;75;60;16;2072;7;0;0;23;59
207;2;K10;75;63;35;2072;1;0;0;5;0
207;2;K10;75;63;35;2072;1;17;0;18;0
207;2;K10;75;63;35;2072;6;0;0;23;59
207;2;K10;75;63;35;2072;7;0;0;23;59
207;2;K11;75;19;35;2072;1;0;0;5;0
207;2;K11;75;19;35;2072;1;17;0;18;0
207;2;K11;75;19;35;2072;6;0;0;23;59
207;2;K11;75;19;35;2072;7;0;0;23;59
207;2;K12;75;40;57;2072;1;0;0;5;0
207;2;K12;75;40;57;2072;1;17;0;18;0
207;2;K12;75;40;57;2072;6;0;0;23;59
207;2;K12;75;40;57;2072;7;0;0;23;59
207;4;K1;60;46;15;2074;1;8;30;14;0
207;4;K1;60;46;15;2074;1;18;0;23;59
207;4;K2;60;49;31;2074;1;8;30;14;0
207;4;K2;60;49;31;2074;1;18;0;23;59
207;4;K3;60;34;42;2074;1;8;30;14;0
207;4;K3;60;34;42;2074;1;18;0;23;59
207;4;K4;60;19;31;2074;1;8;30;14;0
207;4;K4;60;19;31;2074;1;18;0;23;59
207;4;K5;60;25;35;2074;1;8;30;14;0
207;4;K5;60;25;35;2074;1;18;0;23;59
207;4;K8;60;48;20;2074;1;8;30;14;0
207;4;K8;60;48;20;2074;1;18;0;23;59
207;4;K9;60;58;20;2074;1;8;30;14;0
207;4;K9;60;58;20;2074;1;18;0;23;59
207;4;K10;60;1;36;2074;1;8;30;14;0
207;4;K10;60;1;36;2074;1;18;0;23;59
207;4;K11;60;23;36;2074;1;8;30;14;0
207;4;K11;60;23;36;2074;1;18;0;23;59
207;4;K12;60;41;55;2074;1;8;30;14;0
207;4;K12;60;41;55;2074;1;18;0;23;59
207;5;K1;90;63;31;2075;1;5;0;8;30
207;5;K2;90;66;49;2075;1;5;0;8;30
207;5;K3;90;52;59;2075;1;5;0;8;30
207;5;K4;90;35;49;2075;1;5;0;8;30
207;5;K5;90;38;53;2075;1;5;0;8;30
207;5;K8;90;63;13;2075;1;5;0;8;30
207;5;K9;90;80;13;2075;1;5;0;8;30
207;5;K10;90;83;51;2075;1;5;0;8;30
207;5;K11;90;16;51;2075;1;5;0;8;30
207;5;K12;90;56;77;2075;1;5;0;8;30
207;7;K1;90;16;73;2077;1;14;0;17;0
207;7;K2;90;19;85;2077;1;14;0;17;0
207;7;K3;90;88;12;2077;1;14;0;17;0
207;7;K4;90;78;85;2077;1;14;0;17;0
207;7;K5;90;79;89;2077;1;14;0;17;0
207;7;K8;90;58;26;2077;1;14;0;17;0
207;7;K9;90;81;26;2077;1;14;0;17;0
207;7;K10;90;84;46;2077;1;14;0;17;0
207;7;K11;90;29;46;2077;1;14;0;17;0
207;7;K12;90;51;78;2077;1;14;0;17;0
210;22;K1;75;17;31;21022;1;0;0;5;0
210;22;K1;75;17;31;21022;1;9;0;14;0
210;22;K1;75;17;31;21022;1;20;0;23;59
210;22;K1;75;17;31;21022;6;0;0;23;59
210;22;K1;75;17;31;21022;7;0;0;23;59
210;22;K2;75;35;13;21022;1;0;0;5;0
210;22;K2;75;35;13;21022;1;9;0;14;0
210;22;K2;75;35;13;21022;1;20;0;23;59
210;22;K2;75;35;13;21022;6;0;0;23;59
210;22;K2;75;35;13;21022;7;0;0;23;59
210;27;K1;90;12;33;21027;1;14;0;20;0
210;27;K2;90;37;8;21027;1;14;0;20;0
211;1;K1;120;6;62;2111;1;9;0;10;0
211;1;K2;120;78;18;2111;1;9;0;10;0
211;1;K3;120;78;1;2111;1;9;0;10;0
211;1;K4;120;79;97;2111;1;9;0;10;0
211;1;K5;120;102;1;2111;1;9;0;10;0
211;1;K14;120;19;59;2111;1;9;0;10;0
211;2;K1;75;6;33;2112;1;0;0;9;0
211;2;K1;75;6;33;2112;1;10;0;14;0
211;2;K1;75;6;33;2112;1;20;0;23;59
211;2;K1;75;6;33;2112;6;0;0;23;59
211;2;K1;75;6;33;2112;7;0;0;23;59
211;2;K2;75;49;5;2112;1;0;0;9;0
211;2;K2;75;49;5;2112;1;10;0;14;0
211;2;K2;75;49;5;2112;1;20;0;23;59
211;2;K2;75;49;5;2112;6;0;0;23;59
211;2;K2;75;49;5;2112;7;0;0;23;59
211;2;K3;75;43;1;2112;1;0;0;9;0
211;2;K3;75;43;1;2112;1;10;0;14;0
211;2;K3;75;43;1;2112;1;20;0;23;59
211;2;K3;75;43;1;2112;6;0;0;23;59
211;2;K3;75;43;1;2112;7;0;0;23;59
211;2;K4;75;66;1;2112;1;0;0;9;0
211;2;K4;75;66;1;2112;1;10;0;14;0
211;2;K4;75;66;1;2112;1;20;0;23;59
211;2;K4;75;66;1;2112;6;0;0;23;59
211;2;K4;75;66;1;2112;7;0;0;23;59
211;2;K5;75;43;59;2112;1;0;0;9;0
211;2;K5;75;43;59;2112;1;10;0;14;0
211;2;K5;75;43;59;2112;1;20;0;23;59
211;2;K5;75;43;59;2112;6;0;0;23;59
211;2;K5;75;43;59;2112;7;0;0;23;59
211;2;K14;75;6;30;2112;1;0;0;9;0
211;2;K14;75;6;30;2112;1;10;0;14;0
211;2;K14;75;6;30;2112;1;20;0;23;59
211;2;K14;75;6;30;2112;6;0;0;23;59
211;2;K14;75;6;30;2112;7;0;0;23;59
211;3;K1;120;1;49;2113;1;14;0;18;0
211;3;K1;120;1;49;2113;1;18;0;20;0
211;3;K2;120;65;5;2113;1;14;0;18;0
211;3;K2;120;65;5;2113;1;18;0;20;0
211;3;K3;120;65;116;2113;1;14;0;18;0
211;3;K3;120;65;116;2113;1;18;0;20;0
211;3;K4;120;65;82;2113;1;14;0;18;0
211;3;K4;120;65;82;2113;1;18;0;20;0
211;3;K5;120;87;116;2113;1;14;0;18;0
211;3;K5;120;87;116;2113;1;18;0;20;0
211;3;K14;120;6;46;2113;1;14;0;18;0
211;3;K14;120;6;46;2113;1;18;0;20;0
212;1;K1;120;8;28;2121;1;5;0;5;0
212;1;K2;120;98;4;2121;1;5;0;5;0
212;2;K1;80;54;19;2122;1;8;30;8;30
212;2;K2;80;23;50;2122;1;8;30;8;30
212;4;K1;60;34;10;2124;1;0;0;0;0
212;4;K1;60;34;10;2124;1;9;30;9;30
212;4;K1;60;34;10;2124;1;20;0;23;59
212;4;K1;60;34;10;2124;6;0;0;23;59
212;4;K1;60;34;10;2124;7;0;0;23;59
212;4;K2;60;14;30;2124;1;0;0;0;0
212;4;K2;60;14;30;2124;1;9;30;9;30
212;4;K2;60;14;30;2124;1;20;0;23;59
212;4;K2;60;14;30;2124;6;0;0;23;59
212;4;K2;60;14;30;2124;7;0;0;23;59
212;7;K1;90;64;2;2127;1;8;0;8;0
212;7;K1;90;64;2;2127;1;12;0;12;0
212;7;K2;90;6;15;2127;1;8;0;8;0
212;7;K2;90;6;15;2127;1;12;0;12;0
213;22;K1;75;35;0;21322;1;0;0;5;0
213;22;K1;75;35;0;21322;1;9;0;14;0
213;22;K1;75;35;0;21322;1;18;0;23;59
213;22;K1;75;35;0;21322;6;0;0;23;59
213;22;K1;75;35;0;21322;7;0;0;23;59
213;22;K2;75;10;28;21322;1;0;0;5;0
213;22;K2;75;10;28;21322;1;9;0;14;0
213;22;K2;75;10;28;21322;1;18;0;23;59
213;22;K2;75;10;28;21322;6;0;0;23;59
213;22;K2;75;10;28;21322;7;0;0;23;59
213;22;K3;75;47;3;21322;1;0;0;5;0
213;22;K3;75;47;3;21322;1;9;0;14;0
213;22;K3;75;47;3;21322;1;18;0;23;59
213;22;K3;75;47;3;21322;6;0;0;23;59
213;22;K3;75;47;3;21322;7;0;0;23;59
213;22;K4;75;10;19;21322;1;0;0;5;0
213;22;K4;75;10;19;21322;1;9;0;14;0
213;22;K4;75;10;19;21322;1;18;0;23;59
213;22;K4;75;10;19;21322;6;0;0;23;59
213;22;K4;75;10;19;21322;7;0;0;23;59
213;22;K5;75;32;41;21322;1;0;0;5;0
213;22;K5;75;32;41;21322;1;9;0;14;0
213;22;K5;75;32;41;21322;1;18;0;23;59
213;22;K5;75;32;41;21322;6;0;0;23;59
213;22;K5;75;32;41;21322;7;0;0;23;59
213;22;K6;75;31;43;21322;1;0;0;5;0
213;22;K6;75;31;43;21322;1;9;0;14;0
213;22;K6;75;31;43;21322;1;18;0;23;59
213;22;K6;75;31;43;21322;6;0;0;23;59
213;22;K6;75;31;43;21322;7;0;0;23;59
213;25;K1;90;28;83;21325;1;5;0;9;0
213;25;K2;90;3;16;21325;1;5;0;9;0
213;25;K3;90;40;86;21325;1;5;0;9;0
213;25;K4;90;3;12;21325;1;5;0;9;0
213;25;K5;90;20;34;21325;1;5;0;9;0
213;25;K6;90;20;36;21325;1;5;0;9;0
213;27;K1;90;49;9;21327;1;14;0;18;0
213;27;K2;90;19;42;21327;1;14;0;18;0
213;27;K3;90;63;12;21327;1;14;0;18;0
213;27;K4;90;19;30;21327;1;14;0;18;0
213;27;K5;90;46;57;21327;1;14;0;18;0
213;27;K6;90;45;59;21327;1;14;0;18;0
214;22;K1;75;21;60;21422;1;0;0;5;0
214;22;K1;75;21;60;21422;1;9;0;20;0
214;22;K1;75;21;60;21422;1;20;0;23;59
214;22;K1;75;21;60;21422;6;0;0;23;59
214;22;K1;75;21;60;21422;7;0;0;23;59
214;22;K2;75;14;60;21422;1;0;0;5;0
214;22;K2;75;14;60;21422;1;9;0;20;0
214;22;K2;75;14;60;21422;1;20;0;23;59
214;22;K2;75;14;60;21422;6;0;0;23;59
214;22;K2;75;14;60;21422;7;0;0;23;59
214;22;K3;75;23;58;21422;1;0;0;5;0
214;22;K3;75;23;58;21422;1;9;0;20;0
214;22;K3;75;23;58;21422;1;20;0;23;59
214;22;K3;75;23;58;21422;6;0;0;23;59
214;22;K3;75;23;58;21422;7;0;0;23;59
214;22;K4;75;65;3;21422;1;0;0;5;0
214;22;K4;75;65;3;21422;1;9;0;20;0
214;22;K4;75;65;3;21422;1;20;0;23;59
214;22;K4;75;65;3;21422;6;0;0;23;59
214;22;K4;75;65;3;21422;7;0;0;23;59
214;22;K5;75;7;17;21422;1;0;0;5;0
214;22;K5;75;7;17;21422;1;9;0;20;0
214;22;K5;75;7;17;21422;1;20;0;23;59
214;22;K5;75;7;17;21422;6;0;0;23;59
214;22;K5;75;7;17;21422;7;0;0;23;59
214;25;K1;90;77;41;21425;1;5;0;9;0
214;25;K2;90;70;41;21425;1;5;0;9;0
214;25;K3;90;79;39;21425;1;5;0;9;0
214;25;K4;90;46;59;21425;1;5;0;9;0
214;25;K5;90;63;73;21425;1;5;0;9;0
230;22;K1;75;1;44;23022;1;0;0;5;0
230;22;K1;75;1;44;23022;1;9;0;14;0
230;22;K1;75;1;44;23022;1;20;0;23;59
230;22;K1;75;1;44;23022;6;0;0;23;59
230;22;K1;75;1;44;23022;7;0;0;23;59
230;22;K2;75;35;44;23022;1;0;0;5;0
230;22;K2;75;35;44;23022;1;9;0;14;0
230;22;K2;75;35;44;23022;1;20;0;23;59
230;22;K2;75;35;44;23022;6;0;0;23;59
230;22;K2;75;35;44;23022;7;0;0;23;59
230;22;K3;75;48;69;23022;1;0;0;5;0
230;22;K3;75;48;69;23022;1;9;0;14;0
230;22;K3;75;48;69;23022;1;20;0;23;59
230;22;K3;75;48;69;23022;6;0;0;23;59
230;22;K3;75;48;69;23022;7;0;0;23;59
230;22;K4;75;0;31;23022;1;0;0;5;0
230;22;K4;75;0;31;23022;1;9;0;14;0
230;22;K4;75;0;31;23022;1;20;0;23;59
230;22;K4;75;0;31;23022;6;0;0;23;59
230;22;K4;75;0;31;23022;7;0;0;23;59
230;25;K1;90;6;64;23025;1;5;0;9;0
230;25;K2;90;54;64;23025;1;5;0;9;0
230;25;K3;90;68;89;23025;1;5;0;9;0
230;25;K4;90;5;50;23025;1;5;0;9;0
230;27;K1;90;28;86;23027;1;14;0;20;0
230;27;K2;90;80;86;23027;1;14;0;20;0
230;27;K3;90;0;21;23027;1;14;0;20;0
230;27;K4;90;27;76;23027;1;14;0;20;0
231;1;K1;90;36;70;2311;1;5;0;9;0
231;1;K2;90;12;28;2311;1;5;0;9;0
231;1;K3;90;36;73;2311;1;5;0;9;0
231;1;K4;90;78;1;2311;1;5;0;9;0
231;2;K1;75;44;70;2312;1;0;0;5;0
231;2;K1;75;44;70;2312;1;9;0;15;0
231;2;K1;75;44;70;2312;1;18;0;23;59
231;2;K1;75;44;70;2312;6;0;0;23;59
231;2;K1;75;44;70;2312;7;0;0;23;59
231;2;K2;75;27;36;2312;1;0;0;5;0
231;2;K2;75;27;36;2312;1;9;0;15;0
231;2;K2;75;27;36;2312;1;18;0;23;59
231;2;K2;75;27;36;2312;6;0;0;23;59
231;2;K2;75;27;36;2312;7;0;0;23;59
231;2;K3;75;44;73;2312;1;0;0;5;0
231;2;K3;75;44;73;2312;1;9;0;15;0
231;2;K3;75;44;73;2312;1;18;0;23;59
231;2;K3;75;44;73;2312;6;0;0;23;59
231;2;K3;75;44;73;2312;7;0;0;23;59
231;2;K4;75;3;16;2312;1;0;0;5;0
231;2;K4;75;3;16;2312;1;9;0;15;0
231;2;K4;75;3;16;2312;1;18;0;23;59
231;2;K4;75;3;16;2312;6;0;0;23;59
231;2;K4;75;3;16;2312;7;0;0;23;59
231;3;K1;90;61;7;2313;1;15;0;18;0
231;3;K2;90;41;53;2313;1;15;0;18;0
231;3;K3;90;61;10;2313;1;15;0;18;0
231;3;K4;90;15;30;2313;1;15;0;18;0
232;5;K1;90;68;19;2325;1;5;0;9;0
232;5;K2;90;15;63;2325;1;5;0;9;0
232;5;K21;90;61;24;2325;1;5;0;9;0
232;5;K22;90;29;55;2325;1;5;0;9;0
232;6;K1;75;4;31;2326;1;0;0;5;0
232;6;K1;75;4;31;2326;1;9;0;14;0
232;6;K1;75;4;31;2326;1;20;0;23;59
232;6;K1;75;4;31;2326;6;0;0;23;59
232;6;K1;75;4;31;2326;7;0;0;23;59
232;6;K2;75;36;74;2326;1;0;0;5;0
232;6;K2;75;36;74;2326;1;9;0;14;0
232;6;K2;75;36;74;2326;1;20;0;23;59
232;6;K2;75;36;74;2326;6;0;0;23;59
232;6;K2;75;36;74;2326;7;0;0;23;59
232;6;K21;75;72;36;2326;1;0;0;5;0
232;6;K21;75;72;36;2326;1;9;0;14;0
232;6;K21;75;72;36;2326;1;20;0;23;59
232;6;K21;75;72;36;2326;6;0;0;23;59
232;6;K21;75;72;36;2326;7;0;0;23;59
232;6;K22;75;41;66;2326;1;0;0;5;0
232;6;K22;75;41;66;2326;1;9;0;14;0
232;6;K22;75;41;66;2326;1;20;0;23;59
232;6;K22;75;41;66;2326;6;0;0;23;59
232;6;K22;75;41;66;2326;7;0;0;23;59
232;7;K1;90;2;36;2327;1;14;0;20;0
232;7;K2;90;41;87;2327;1;14;0;20;0
232;7;K21;90;85;51;2327;1;14;0;20;0
232;7;K22;90;56;79;2327;1;14;0;20;0
240;24;K1;60;5;27;24024;1;0;0;4;30
240;24;K1;60;5;27;24024;1;19;30;23;59
240;24;K2;60;32;55;24024;1;0;0;4;30
240;24;K2;60;32;55;24024;1;19;30;23;59
240;24;K3;60;46;2;24024;1;0;0;4;30
240;24;K3;60;46;2;24024;1;19;30;23;59
240;24;K4;60;50;24;24024;1;0;0;4;30
240;24;K4;60;50;24;24024;1;19;30;23;59
240;24;K5;60;50;24;24024;1;0;0;4;30
240;24;K5;60;50;24;24024;1;19;30;23;59
240;24;K6;60;36;42;24024;1;0;0;4;30
240;24;K6;60;36;42;24024;1;19;30;23;59
240;24;K7;60;33;39;24024;1;0;0;4;30
240;24;K7;60;33;39;24024;1;19;30;23;59
240;24;K8;60;51;33;24024;1;0;0;4;30
240;24;K8;60;51;33;24024;1;19;30;23;59
240;24;K9z;60;30;35;24024;1;0;0;4;30
240;24;K9z;60;30;35;24024;1;19;30;23;59
240;25;K1;90;83;32;24025;1;4;30;19;30
240;25;K2;90;37;73;24025;1;4;30;19;30
240;25;K3;90;55;80;24025;1;4;30;19;30
240;25;K4;90;59;29;24025;1;4;30;19;30
240;25;K5;90;59;29;24025;1;4;30;19;30
240;25;K6;90;41;51;24025;1;4;30;19;30
240;25;K7;90;38;48;24025;1;4;30;19;30
240;25;K8;90;60;38;24025;1;4;30;19;30
240;25;K9z;90;35;40;24025;1;4;30;19;30
501;1;K1;90;89;44;5011;1;4;30;10;0
501;1;K2;90;89;59;5011;1;4;30;10;0
501;1;K3;90;48;61;5011;1;4;30;10;0
501;1;K4;90;64;83;5011;1;4;30;10;0
501;2;K1;75;74;31;5012;1;10;0;12;0
501;2;K1;75;74;31;5012;6;0;0;23;59
501;2;K1;75;74;31;5012;7;0;0;23;59
501;2;K2;75;74;46;5012;1;10;0;12;0
501;2;K2;75;74;46;5012;6;0;0;23;59
501;2;K2;75;74;46;5012;7;0;0;23;59
501;2;K3;75;35;48;5012;1;10;0;12;0
501;2;K3;75;35;48;5012;6;0;0;23;59
501;2;K3;75;35;48;5012;7;0;0;23;59
501;2;K4;75;51;68;5012;1;10;0;12;0
501;2;K4;75;51;68;5012;6;0;0;23;59
501;2;K4;75;51;68;5012;7;0;0;23;59
501;3;K1;90;89;44;5013;1;12;0;18;0
501;3;K2;90;89;59;5013;1;12;0;18;0
501;3;K3;90;48;61;5013;1;12;0;18;0
501;3;K4;90;64;83;5013;1;12;0;18;0
501;4;K1;60;59;16;5014;1;0;0;4;30
501;4;K1;60;59;16;5014;1;18;0;23;59
501;4;K2;60;59;31;5014;1;0;0;4;30
501;4;K2;60;59;31;5014;1;18;0;23;59
501;4;K3;60;20;33;5014;1;0;0;4;30
501;4;K3;60;20;33;5014;1;18;0;23;59
501;4;K4;60;36;53;5014;1;0;0;4;30
501;4;K4;60;36;53;5014;1;18;0;23;59
503;1;K1;90;36;15;5031;1;0;0;23;59
503;1;K1;90;36;15;5031;6;0;0;23;59
503;1;K1;90;36;15;5031;7;0;0;23;59
503;1;K2;90;36;15;5031;1;0;0;23;59
503;1;K2;90;36;15;5031;6;0;0;23;59
503;1;K2;90;36;15;5031;7;0;0;23;59
503;1;K3;90;36;15;5031;1;0;0;23;59
503;1;K3;90;36;15;5031;6;0;0;23;59
503;1;K3;90;36;15;5031;7;0;0;23;59